Workbook

Sheet Özet
C1: MENÜ FİYAT LİSTESİ
B3: Ciao Caffè · Fiyatlar ekran sayfalarına girilir; bu sayfa ve POS listesi formüllerle otomatik güncellenir.
B5: Ekran | C5: Ürün sayısı | D5: Ciao Selection | E5: En düşük fiyat | F5: En yüksek fiyat | G5: Fiyatı eksik
B6: Sıcaklar | C6: =COUNTIF('Tüm Ürünler (POS)'!$B$6:$B$105,B6) -> 44 | D6: =COUNTIFS('Tüm Ürünler (POS)'!$B$6:$B$105,B6,'Tüm Ürünler (POS)'!$J$6:$J$105,"Evet") -> 9 | E6: =_xlfn.MINIFS('Tüm Ürünler (POS)'!$M$6:$M$105,'Tüm Ürünler (POS)'!$B$6:$B$105,B6) -> 70 | F6: =MAX(_xlfn.MAXIFS('Tüm Ürünler (POS)'!$G$6:$G$105,'Tüm Ürünler (POS)'!$B$6:$B$105,B6),_xlfn.MAXIFS('Tüm Ürünler (POS)'!$H$6:$H$105,'Tüm Ürünler (POS)'!$B$6:$B$105,B6),_xlfn.MAXIFS('Tüm Ürünler (POS)'!$I$6:$I$105,'Tüm Ürünler (POS)'!$B$6:$B$105,B6)) -> 340 | G6: =COUNTIFS('Tüm Ürünler (POS)'!$B$6:$B$105,B6,'Tüm Ürünler (POS)'!$L$6:$L$105,"*Fiyat girilecek*") -> 0
B7: Soğuklar | C7: =COUNTIF('Tüm Ürünler (POS)'!$B$6:$B$105,B7) -> 40 | D7: =COUNTIFS('Tüm Ürünler (POS)'!$B$6:$B$105,B7,'Tüm Ürünler (POS)'!$J$6:$J$105,"Evet") -> 8 | E7: =_xlfn.MINIFS('Tüm Ürünler (POS)'!$M$6:$M$105,'Tüm Ürünler (POS)'!$B$6:$B$105,B7) -> 40 | F7: =MAX(_xlfn.MAXIFS('Tüm Ürünler (POS)'!$G$6:$G$105,'Tüm Ürünler (POS)'!$B$6:$B$105,B7),_xlfn.MAXIFS('Tüm Ürünler (POS)'!$H$6:$H$105,'Tüm Ürünler (POS)'!$B$6:$B$105,B7),_xlfn.MAXIFS('Tüm Ürünler (POS)'!$I$6:$I$105,'Tüm Ürünler (POS)'!$B$6:$B$105,B7)) -> 350 | G7: =COUNTIFS('Tüm Ürünler (POS)'!$B$6:$B$105,B7,'Tüm Ürünler (POS)'!$L$6:$L$105,"*Fiyat girilecek*") -> 0
B8: Tatlı & Atıştırmalık | C8: =COUNTIF('Tüm Ürünler (POS)'!$B$6:$B$105,B8) -> 16 | D8: =COUNTIFS('Tüm Ürünler (POS)'!$B$6:$B$105,B8,'Tüm Ürünler (POS)'!$J$6:$J$105,"Evet") -> 3 | E8: =_xlfn.MINIFS('Tüm Ürünler (POS)'!$M$6:$M$105,'Tüm Ürünler (POS)'!$B$6:$B$105,B8) -> 170 | F8: =MAX(_xlfn.MAXIFS('Tüm Ürünler (POS)'!$G$6:$G$105,'Tüm Ürünler (POS)'!$B$6:$B$105,B8),_xlfn.MAXIFS('Tüm Ürünler (POS)'!$H$6:$H$105,'Tüm Ürünler (POS)'!$B$6:$B$105,B8),_xlfn.MAXIFS('Tüm Ürünler (POS)'!$I$6:$I$105,'Tüm Ürünler (POS)'!$B$6:$B$105,B8)) -> 320 | G8: =COUNTIFS('Tüm Ürünler (POS)'!$B$6:$B$105,B8,'Tüm Ürünler (POS)'!$L$6:$L$105,"*Fiyat girilecek*") -> 2
B9: Toplam | C9: =SUM(C6:C8) -> 100 | D9: =SUM(D6:D8) -> 20 | G9: =SUM(G6:G8) -> 2
B11: Boy isimleri
B12: UNICO | C12: Tek ölçü (yalnızca sıcaklarda)
B13: PICCOLO | C13: 12 oz · 350 ml
B14: GRANDE | C14: 16 oz · 470 ml
B16: Renk kodu
B17: Mavi rakam | C17: Elle girilen fiyat (ekran sayfalarında)
B18: Yeşil rakam | C18: Başka sayfadan gelen formül (POS listesi)
B19: Sarı hücre | C19: Girilmesi gereken fiyat

Sheet Sıcaklar
C1: SICAKLAR
B3: UNICO = tek ölçü · PICCOLO = 12 oz / 350 ml · GRANDE = 16 oz / 470 ml · Fiyatlar TL, KDV dahil
B5: ÜRÜN | C5: İÇERİK | D5: UNICO | E5: PICCOLO | F5: GRANDE | G5: ★ | H5: NOT
B7: ESPRESSO BAR
B8: Espresso | C8: Tek shot | D8: 110
B9: Double Espresso | C9: Çift shot | D9: 130
B10: Ristretto | C10: Kısa çekim espresso | D10: 130
B11: Lungo | C11: Uzun çekim espresso | D11: 130
B12: Espresso Macchiato | C12: Espresso · Süt köpüğü | D12: 130
B13: Espresso Con Panna | C13: Espresso · Çırpılmış krema | D13: 150
B14: Cortado | C14: Espresso · Süt | D14: 180
B16: KLASİKLER
B17: Americano | C17: Espresso · Sıcak su | E17: 150 | F17: 170
B18: Long Black | C18: Sıcak su · Espresso | E18: 150 | F18: 170
B19: Caffè Latte | C19: Espresso · Süt | E19: 200 | F19: 220
B20: Cappuccino | C20: Espresso · Bol süt köpüğü | E20: 220 | F20: 240
B21: Flat White | C21: Yoğun espresso · Süt | E21: 210 | F21: 230 | G21: ★
B22: Latte Macchiato | C22: Süt · Espresso | E22: 200 | F22: 220
B23: Filtre Kahve | C23: Taze demlenmiş filtre | E23: 150 | F23: 170
B25: AROMALI KAHVELER
B26: Mocha | C26: Espresso · Çikolata · Süt | E26: 230 | F26: 250
B27: White Mocha | C27: Espresso · Beyaz çikolata · Süt | E27: 230 | F27: 250
B28: Caramel Macchiato | C28: Vanilya · Espresso · Karamel | E28: 230 | F28: 250 | G28: ★
B29: Toffee Nut Latte | C29: Espresso · Karamel · Fındık | E29: 240 | F29: 260
B30: Spanish Latte | C30: Espresso · Yoğunlaştırılmış süt | E30: 250 | F30: 270 | G30: ★
B31: Lotus Latte | C31: Espresso · Vanilya · Biscoff | E31: 270 | F31: 300
B32: Fıstıklı Latte | C32: Espresso · Fıstık kreması · Süt | E32: 300 | F32: 340
B34: KAHVESİZ SICAKLAR
B35: Sıcak Çikolata | C35: Çikolata · Süt | E35: 250 | F35: 270
B36: Beyaz Sıcak Çikolata | C36: Beyaz çikolata · Süt | E36: 250 | F36: 270
B37: Chai Latte | C37: Chai baharatı · Süt | E37: 230 | F37: 250 | G37: ★
B38: Salep | C38: Salep · Süt · Tarçın | E38: 230 | F38: 250
B39: Matcha Latte | C39: Matcha · Süt | E39: 260 | F39: 280
B41: TÜRK KAHVESİ
B42: Türk Kahvesi | C42: Geleneksel, köpüklü | D42: 145
B43: Double Türk Kahvesi | C43: Çift porsiyon | D43: 160
B44: Damla Sakızlı Türk Kahvesi | C44: Damla sakızı | D44: 150 | G44: ★
B45: Double Damla Sakızlı Türk Kahvesi | C45: Çift porsiyon · Damla sakızı | D45: 165
B47: ÇAY & BİTKİ ÇAYLARI
B48: Türk Çayı (Bardak) | D48: 70
B49: Türk Çayı (Fincan) | D49: 90
B50: Türk Çayı (Karton) | C50: Karton bardak | E50: 100 | F50: 110 | H50: Ekranda gösterilmez (POS)
B51: Yeşil Çay | C51: Hafif yeşil çay | D51: 130
B52: Papatya | C52: Kuru papatya | D52: 130
B53: Ihlamur | C53: Ihlamur çiçeği | D53: 130
B54: Nane Limon | C54: Nane · Limon | D54: 130
B55: Kış Çayı | C55: Bitki · Baharat karışımı | D55: 130
B56: Hibiskus | C56: Ekşimsi çiçek çayı | D56: 130 | G56: ★
B58: CIAO SIGNATURE
B59: Tarantino | C59: Taro · Espresso · Süt | E59: 290 | F59: 320 | G59: ★ | H59: Signature
B60: Pistachio White Hot | C60: Beyaz çikolata · Fıstık kreması · Süt · Krem şanti · Antep fıstığı | E60: 300 | F60: 340 | H60: Signature
B61: Ruby | C61: Çilek püresi · Espresso · Vanilya · Süt | E61: 290 | F61: 320 | G61: ★ | H61: Signature
B62: Cincirella | C62: Espresso · Balkabağı (pumpkin) · Süt | E62: 275 | F62: 305 | G62: ★ | H62: Signature
B63: Salted Karamel Chocolate | C63: Bitter çikolata · Tuzlu karamel · Kakao · Süt | E63: 290 | F63: 320 | H63: Signature
B65: KENDİNE GÖRE YAP · EKSTRALAR
B66: Ekstra Shot | D66: 45
B67: Şurup (Vanilya · Karamel · Fındık) | D67: 60
B68: Sos (Çikolata · Beyaz Çikolata · Karamel) | D68: 60
B69: Bitkisel Süt (Yulaf · Badem · Coconut) | D69: 60
B70: Krem Şanti | D70: 40
B72: ★ Ciao Selection = baristanın seçtiği ürünler · Mavi rakamlar düzenlenebilir fiyatlardır, sarı hücreler girilmesi gereken fiyatlardır.

Sheet Soğuklar
C1: SOĞUKLAR
B3: PICCOLO = 12 oz / 350 ml · GRANDE = 16 oz / 470 ml · Fiyatlar TL, KDV dahil
B5: ÜRÜN | C5: İÇERİK | D5: PICCOLO | E5: GRANDE | F5: ★ | G5: NOT
B7: BUZLU KAHVELER
B8: Iced Americano | C8: Espresso · Soğuk su · Buz | D8: 170 | E8: 190
B9: Iced Latte | C9: Espresso · Süt · Buz | D9: 220 | E9: 240
B10: Iced Cappuccino | C10: Espresso · Süt · Soğuk köpük | D10: 240 | E10: 260
B11: Iced Flat White | C11: Yoğun espresso · Süt · Buz | D11: 230 | E11: 250
B12: Iced Espresso Tonic | C12: Espresso · Tonik · Buz | D12: 250 | E12: 280 | F12: ★
B13: Iced Coffee Frappé | C13: Granül kahve · Buz · Süt | D13: 150 | E13: 170
B14: Iced Cappuccino Affogato | C14: Espresso · Süt · Dondurma | D14: 250 | E14: 270
B16: COLD BREW & SOĞUK FİLTRE
B17: Iced Filter Coffee | C17: Soğutulmuş filtre · Buz | D17: 150 | E17: 170
B18: Iced Filter Coffee Milky | C18: Soğutulmuş filtre · Süt · Buz | D18: 170 | E18: 190
B20: ICED TEA
B21: Iced Tea | C21: Mango · Nar · Limon · Yaban mersini | D21: 170 | E21: 190 | F21: ★
B23: AROMALI BUZLULAR
B24: Iced Mocha | C24: Espresso · Çikolata · Süt | D24: 250 | E24: 270
B25: Iced White Mocha | C25: Espresso · Beyaz çikolata | D25: 250 | E25: 270
B26: Iced Caramel Macchiato | C26: Vanilya · Karamel | D26: 250 | E26: 270
B27: Iced Dirty Chai Latte | C27: Chai latte · Espresso | D27: 240 | E27: 260
B28: Iced Spanish Latte | C28: Espresso · Kondanse süt | D28: 260 | E28: 280 | F28: ★
B29: Iced Pistachio Latte | C29: Espresso · Fıstık · Süt | D29: 300 | E29: 340
B31: SHAKE & SMOOTHIE
B32: Milkshake | C32: Çikolata · Vanilya · Çilek · Antep fıstıklı | D32: 280 | E32: 300 | F32: ★
B33: Frozen | C33: Meyve püresi · Soda · Buz | D33: 270 | E33: 290
B34: Smoothie | C34: Süzme yoğurt · Meyve | D34: 270 | E34: 290
B35: Pistachio Banana Protein | C35: Fıstık · Muz · Yulaf | D35: 300 | E35: 320
B36: Orman Meyveli Protein | C36: Badem sütü · Yoğurt · Yulaf | D36: 300 | E36: 320
B38: KAHVESİZ BUZLULAR
B39: Iced Chocolatte | C39: Çikolata · Süt · Buz | D39: 260 | E39: 280
B40: Iced White Chocolatte | C40: Beyaz çikolata · Süt | D40: 260 | E40: 280
B41: Iced Chai Latte | C41: Chai · Süt · Buz | D41: 240 | E41: 260
B42: Iced Matcha | C42: Matcha · Süt · Buz | D42: 270 | E42: 290 | F42: ★
B44: BOBA & FIZZ
B45: Taro Milk Boba Tea | C45: Taro · Süt · Boba | D45: 300 | E45: 320 | F45: ★
B46: Matcha Milk Boba Tea | C46: Matcha · Süt · Boba | D46: 330 | E46: 350
B47: Ocean Blue Fizz | C47: Blue curaçao · Soda · Boba | D47: 290 | E47: 310
B48: Berry Burst | C48: Ahududu · Soda · Çilek boba | D48: 290 | E48: 310
B49: Green Apple Fizz | C49: Yeşil elma · Gazoz · Boba | D49: 290 | E49: 310
B51: CIAO SIGNATURE
B52: Tarantino | C52: Espresso · Taro · Süt · Buz | D52: 300 | E52: 320 | F52: ★ | G52: Signature
B53: Kori Kohi | C53: Cold brew buz küpleri · Süt · Vanilya | D53: 280 | E53: 300 | F53: ★ | G53: Signature · YENİ
B54: Berry Hibiscus Cooler | C54: Hibiskus · Orman meyvesi · Limon · Soda · Nane | D54: 180 | E54: 200 | G54: Signature
B55: Cool Lime Refresha | C55: Misket limonu · Lime · Nane | D55: 180 | E55: 200 | G55: Signature
B57: FERAHLATICILAR
B58: Pet Şişe Su | D58: 40
B59: Cam Şişe Su | D59: 60
B60: Soda | D60: 80
B61: Premium Soda | D61: 100
B62: Limonata | D62: 130
B63: Red Bull | D63: 170
B65: KENDİNE GÖRE YAP · EKSTRALAR
B66: Ekstra Shot | D66: 45
B67: Şurup (Vanilya · Karamel · Fındık) | D67: 60
B68: Sos (Çikolata · Beyaz Çikolata · Karamel) | D68: 60
B69: Krem Şanti | D69: 40
B70: Bitkisel Süt | D70: 60
B71: Dondurma Topu | D71: 90
B72: Ekstra Boba | D72: 60
B74: ★ Ciao Selection = baristanın seçtiği ürünler · Mavi rakamlar düzenlenebilir fiyatlardır, sarı hücreler girilmesi gereken fiyatlardır.

Sheet Tatlı & Atıştırmalık
C1: TATLI & ATIŞTIRMALIK
B3: Menü adı ekranda büyük, asıl ürün adı altında küçük yazar · Fiyatlar TL, KDV dahil
B5: MENÜ ADI | C5: ASIL ÜRÜN | D5: İÇERİK | E5: FİYAT | F5: ★ | G5: NOT
B7: PASTA & KEK
B8: Monet'nin Bahçesi | C8: Havuçlu Kek | D8: Havuç · Tarçın · Ceviz · Krem peynirli krema | E8: 250
B9: Moulin Rouge | C9: Cheesecake | D9: Bisküvi taban · Kırmızı meyve sosu | E9: 270
B10: Frida | C10: Berry Hibiscus | D10: Orman meyveleri · Hibiskus · Krema | E10: 270
B11: Mavi Dönem | C11: Yaban Mersinli Pasta | D11: Pandispanya · Krema · Yaban mersini | E11: 300
B12: Altın Lotus | C12: Lotus Biscoff Kek | D12: Karamelize krema · Lotus bisküvi | E12: 320 | F12: ★
B13: Çikolata Fabrikası | C13: Nutella Cookie Kek | D13: Cookie hamuru · Nutella | E13: 250
B14: Copacabana | C14: Cocostar Pasta | D14: Kakaolu kek · Hindistan cevizli krema | E14: 240
B15: Gaudí | C15: Mozaik Kek | D15: Bisküvi · Kakao · Çikolata | E15: 200 | F15: ★
B17: TATLILAR
B18: Noir | C18: Brownie | D18: Yoğun bitter çikolata · Islak doku | E18: 300 | F18: ★
B19: Kuğu Gölü | C19: Profiterol | D19: Choux · Vanilyalı krema · Çikolata sos | E19: 300
B20: Chocolat | C20: Çikolatalı Cookie | D20: Bitter ve sütlü çikolata parçaları | E20: 200
B21: Roma Tatili | C21: Dondurma | D21: Cup · 4 top | E21: 170
B23: SANDVİÇLER
B24: Vegan Sandviç | D24: Hayvansal ürün içermez · Taze sebzeler | E24: 200
B25: Karışık Sandviç | D25: Dana jambon · Kaşar · Süzme peynir · Domates · Yeşillik | E25: 250
B27: PİZZA
B28: Pulp Fetta | C28: Dilim Pizza | D28: Tek dilim · Günün çeşidi | G28: Yakında · Fiyat girilecek
B29: Il Padrino | C29: Tam Pizza | D29: Bütün pizza · Paylaşmalık | G29: Yakında · Fiyat girilecek
B31: ★ Ciao Selection = baristanın seçtiği ürünler · Mavi rakamlar düzenlenebilir fiyatlardır, sarı hücreler girilmesi gereken fiyatlardır.

Sheet Tüm Ürünler (POS)
C1: TÜM ÜRÜNLER · POS
B3: Kasa (Simpra) için düz liste · fiyatlar ekran sayfalarından formülle gelir (yeşil)
B5: Ekran | C5: Kategori | D5: Menü Adı | E5: Asıl Ürün Adı | F5: İçerik | G5: UNICO / Tek Fiyat | H5: PICCOLO 12 oz | I5: GRANDE 16 oz | J5: Ciao Selection | K5: Signature | L5: Not | M5: Başlangıç Fiyatı
B6: Sıcaklar | C6: ESPRESSO BAR | D6: Espresso | F6: Tek shot | G6: =IF(Sıcaklar!D8="","",Sıcaklar!D8) -> 110 | H6: =IF(Sıcaklar!E8="","",Sıcaklar!E8) | I6: =IF(Sıcaklar!F8="","",Sıcaklar!F8) | M6: =IF(COUNT(G6:I6)=0,"",MIN(G6:I6)) -> 110
B7: Sıcaklar | C7: ESPRESSO BAR | D7: Double Espresso | F7: Çift shot | G7: =IF(Sıcaklar!D9="","",Sıcaklar!D9) -> 130 | H7: =IF(Sıcaklar!E9="","",Sıcaklar!E9) | I7: =IF(Sıcaklar!F9="","",Sıcaklar!F9) | M7: =IF(COUNT(G7:I7)=0,"",MIN(G7:I7)) -> 130
B8: Sıcaklar | C8: ESPRESSO BAR | D8: Ristretto | F8: Kısa çekim espresso | G8: =IF(Sıcaklar!D10="","",Sıcaklar!D10) -> 130 | H8: =IF(Sıcaklar!E10="","",Sıcaklar!E10) | I8: =IF(Sıcaklar!F10="","",Sıcaklar!F10) | M8: =IF(COUNT(G8:I8)=0,"",MIN(G8:I8)) -> 130
B9: Sıcaklar | C9: ESPRESSO BAR | D9: Lungo | F9: Uzun çekim espresso | G9: =IF(Sıcaklar!D11="","",Sıcaklar!D11) -> 130 | H9: =IF(Sıcaklar!E11="","",Sıcaklar!E11) | I9: =IF(Sıcaklar!F11="","",Sıcaklar!F11) | M9: =IF(COUNT(G9:I9)=0,"",MIN(G9:I9)) -> 130
B10: Sıcaklar | C10: ESPRESSO BAR | D10: Espresso Macchiato | F10: Espresso · Süt köpüğü | G10: =IF(Sıcaklar!D12="","",Sıcaklar!D12) -> 130 | H10: =IF(Sıcaklar!E12="","",Sıcaklar!E12) | I10: =IF(Sıcaklar!F12="","",Sıcaklar!F12) | M10: =IF(COUNT(G10:I10)=0,"",MIN(G10:I10)) -> 130
B11: Sıcaklar | C11: ESPRESSO BAR | D11: Espresso Con Panna | F11: Espresso · Çırpılmış krema | G11: =IF(Sıcaklar!D13="","",Sıcaklar!D13) -> 150 | H11: =IF(Sıcaklar!E13="","",Sıcaklar!E13) | I11: =IF(Sıcaklar!F13="","",Sıcaklar!F13) | M11: =IF(COUNT(G11:I11)=0,"",MIN(G11:I11)) -> 150
B12: Sıcaklar | C12: ESPRESSO BAR | D12: Cortado | F12: Espresso · Süt | G12: =IF(Sıcaklar!D14="","",Sıcaklar!D14) -> 180 | H12: =IF(Sıcaklar!E14="","",Sıcaklar!E14) | I12: =IF(Sıcaklar!F14="","",Sıcaklar!F14) | M12: =IF(COUNT(G12:I12)=0,"",MIN(G12:I12)) -> 180
B13: Sıcaklar | C13: KLASİKLER | D13: Americano | F13: Espresso · Sıcak su | G13: =IF(Sıcaklar!D17="","",Sıcaklar!D17) | H13: =IF(Sıcaklar!E17="","",Sıcaklar!E17) -> 150 | I13: =IF(Sıcaklar!F17="","",Sıcaklar!F17) -> 170 | M13: =IF(COUNT(G13:I13)=0,"",MIN(G13:I13)) -> 150
B14: Sıcaklar | C14: KLASİKLER | D14: Long Black | F14: Sıcak su · Espresso | G14: =IF(Sıcaklar!D18="","",Sıcaklar!D18) | H14: =IF(Sıcaklar!E18="","",Sıcaklar!E18) -> 150 | I14: =IF(Sıcaklar!F18="","",Sıcaklar!F18) -> 170 | M14: =IF(COUNT(G14:I14)=0,"",MIN(G14:I14)) -> 150
B15: Sıcaklar | C15: KLASİKLER | D15: Caffè Latte | F15: Espresso · Süt | G15: =IF(Sıcaklar!D19="","",Sıcaklar!D19) | H15: =IF(Sıcaklar!E19="","",Sıcaklar!E19) -> 200 | I15: =IF(Sıcaklar!F19="","",Sıcaklar!F19) -> 220 | M15: =IF(COUNT(G15:I15)=0,"",MIN(G15:I15)) -> 200
B16: Sıcaklar | C16: KLASİKLER | D16: Cappuccino | F16: Espresso · Bol süt köpüğü | G16: =IF(Sıcaklar!D20="","",Sıcaklar!D20) | H16: =IF(Sıcaklar!E20="","",Sıcaklar!E20) -> 220 | I16: =IF(Sıcaklar!F20="","",Sıcaklar!F20) -> 240 | M16: =IF(COUNT(G16:I16)=0,"",MIN(G16:I16)) -> 220
B17: Sıcaklar | C17: KLASİKLER | D17: Flat White | F17: Yoğun espresso · Süt | G17: =IF(Sıcaklar!D21="","",Sıcaklar!D21) | H17: =IF(Sıcaklar!E21="","",Sıcaklar!E21) -> 210 | I17: =IF(Sıcaklar!F21="","",Sıcaklar!F21) -> 230 | J17: Evet | M17: =IF(COUNT(G17:I17)=0,"",MIN(G17:I17)) -> 210
B18: Sıcaklar | C18: KLASİKLER | D18: Latte Macchiato | F18: Süt · Espresso | G18: =IF(Sıcaklar!D22="","",Sıcaklar!D22) | H18: =IF(Sıcaklar!E22="","",Sıcaklar!E22) -> 200 | I18: =IF(Sıcaklar!F22="","",Sıcaklar!F22) -> 220 | M18: =IF(COUNT(G18:I18)=0,"",MIN(G18:I18)) -> 200
B19: Sıcaklar | C19: KLASİKLER | D19: Filtre Kahve | F19: Taze demlenmiş filtre | G19: =IF(Sıcaklar!D23="","",Sıcaklar!D23) | H19: =IF(Sıcaklar!E23="","",Sıcaklar!E23) -> 150 | I19: =IF(Sıcaklar!F23="","",Sıcaklar!F23) -> 170 | M19: =IF(COUNT(G19:I19)=0,"",MIN(G19:I19)) -> 150
B20: Sıcaklar | C20: AROMALI KAHVELER | D20: Mocha | F20: Espresso · Çikolata · Süt | G20: =IF(Sıcaklar!D26="","",Sıcaklar!D26) | H20: =IF(Sıcaklar!E26="","",Sıcaklar!E26) -> 230 | I20: =IF(Sıcaklar!F26="","",Sıcaklar!F26) -> 250 | M20: =IF(COUNT(G20:I20)=0,"",MIN(G20:I20)) -> 230
B21: Sıcaklar | C21: AROMALI KAHVELER | D21: White Mocha | F21: Espresso · Beyaz çikolata · Süt | G21: =IF(Sıcaklar!D27="","",Sıcaklar!D27) | H21: =IF(Sıcaklar!E27="","",Sıcaklar!E27) -> 230 | I21: =IF(Sıcaklar!F27="","",Sıcaklar!F27) -> 250 | M21: =IF(COUNT(G21:I21)=0,"",MIN(G21:I21)) -> 230
B22: Sıcaklar | C22: AROMALI KAHVELER | D22: Caramel Macchiato | F22: Vanilya · Espresso · Karamel | G22: =IF(Sıcaklar!D28="","",Sıcaklar!D28) | H22: =IF(Sıcaklar!E28="","",Sıcaklar!E28) -> 230 | I22: =IF(Sıcaklar!F28="","",Sıcaklar!F28) -> 250 | J22: Evet | M22: =IF(COUNT(G22:I22)=0,"",MIN(G22:I22)) -> 230
B23: Sıcaklar | C23: AROMALI KAHVELER | D23: Toffee Nut Latte | F23: Espresso · Karamel · Fındık | G23: =IF(Sıcaklar!D29="","",Sıcaklar!D29) | H23: =IF(Sıcaklar!E29="","",Sıcaklar!E29) -> 240 | I23: =IF(Sıcaklar!F29="","",Sıcaklar!F29) -> 260 | M23: =IF(COUNT(G23:I23)=0,"",MIN(G23:I23)) -> 240
B24: Sıcaklar | C24: AROMALI KAHVELER | D24: Spanish Latte | F24: Espresso · Yoğunlaştırılmış süt | G24: =IF(Sıcaklar!D30="","",Sıcaklar!D30) | H24: =IF(Sıcaklar!E30="","",Sıcaklar!E30) -> 250 | I24: =IF(Sıcaklar!F30="","",Sıcaklar!F30) -> 270 | J24: Evet | M24: =IF(COUNT(G24:I24)=0,"",MIN(G24:I24)) -> 250
B25: Sıcaklar | C25: AROMALI KAHVELER | D25: Lotus Latte | F25: Espresso · Vanilya · Biscoff | G25: =IF(Sıcaklar!D31="","",Sıcaklar!D31) | H25: =IF(Sıcaklar!E31="","",Sıcaklar!E31) -> 270 | I25: =IF(Sıcaklar!F31="","",Sıcaklar!F31) -> 300 | M25: =IF(COUNT(G25:I25)=0,"",MIN(G25:I25)) -> 270
B26: Sıcaklar | C26: AROMALI KAHVELER | D26: Fıstıklı Latte | F26: Espresso · Fıstık kreması · Süt | G26: =IF(Sıcaklar!D32="","",Sıcaklar!D32) | H26: =IF(Sıcaklar!E32="","",Sıcaklar!E32) -> 300 | I26: =IF(Sıcaklar!F32="","",Sıcaklar!F32) -> 340 | M26: =IF(COUNT(G26:I26)=0,"",MIN(G26:I26)) -> 300
B27: Sıcaklar | C27: KAHVESİZ SICAKLAR | D27: Sıcak Çikolata | F27: Çikolata · Süt | G27: =IF(Sıcaklar!D35="","",Sıcaklar!D35) | H27: =IF(Sıcaklar!E35="","",Sıcaklar!E35) -> 250 | I27: =IF(Sıcaklar!F35="","",Sıcaklar!F35) -> 270 | M27: =IF(COUNT(G27:I27)=0,"",MIN(G27:I27)) -> 250
B28: Sıcaklar | C28: KAHVESİZ SICAKLAR | D28: Beyaz Sıcak Çikolata | F28: Beyaz çikolata · Süt | G28: =IF(Sıcaklar!D36="","",Sıcaklar!D36) | H28: =IF(Sıcaklar!E36="","",Sıcaklar!E36) -> 250 | I28: =IF(Sıcaklar!F36="","",Sıcaklar!F36) -> 270 | M28: =IF(COUNT(G28:I28)=0,"",MIN(G28:I28)) -> 250
B29: Sıcaklar | C29: KAHVESİZ SICAKLAR | D29: Chai Latte | F29: Chai baharatı · Süt | G29: =IF(Sıcaklar!D37="","",Sıcaklar!D37) | H29: =IF(Sıcaklar!E37="","",Sıcaklar!E37) -> 230 | I29: =IF(Sıcaklar!F37="","",Sıcaklar!F37) -> 250 | J29: Evet | M29: =IF(COUNT(G29:I29)=0,"",MIN(G29:I29)) -> 230
B30: Sıcaklar | C30: KAHVESİZ SICAKLAR | D30: Salep | F30: Salep · Süt · Tarçın | G30: =IF(Sıcaklar!D38="","",Sıcaklar!D38) | H30: =IF(Sıcaklar!E38="","",Sıcaklar!E38) -> 230 | I30: =IF(Sıcaklar!F38="","",Sıcaklar!F38) -> 250 | M30: =IF(COUNT(G30:I30)=0,"",MIN(G30:I30)) -> 230
B31: Sıcaklar | C31: KAHVESİZ SICAKLAR | D31: Matcha Latte | F31: Matcha · Süt | G31: =IF(Sıcaklar!D39="","",Sıcaklar!D39) | H31: =IF(Sıcaklar!E39="","",Sıcaklar!E39) -> 260 | I31: =IF(Sıcaklar!F39="","",Sıcaklar!F39) -> 280 | M31: =IF(COUNT(G31:I31)=0,"",MIN(G31:I31)) -> 260
B32: Sıcaklar | C32: TÜRK KAHVESİ | D32: Türk Kahvesi | F32: Geleneksel, köpüklü | G32: =IF(Sıcaklar!D42="","",Sıcaklar!D42) -> 145 | H32: =IF(Sıcaklar!E42="","",Sıcaklar!E42) | I32: =IF(Sıcaklar!F42="","",Sıcaklar!F42) | M32: =IF(COUNT(G32:I32)=0,"",MIN(G32:I32)) -> 145
B33: Sıcaklar | C33: TÜRK KAHVESİ | D33: Double Türk Kahvesi | F33: Çift porsiyon | G33: =IF(Sıcaklar!D43="","",Sıcaklar!D43) -> 160 | H33: =IF(Sıcaklar!E43="","",Sıcaklar!E43) | I33: =IF(Sıcaklar!F43="","",Sıcaklar!F43) | M33: =IF(COUNT(G33:I33)=0,"",MIN(G33:I33)) -> 160
B34: Sıcaklar | C34: TÜRK KAHVESİ | D34: Damla Sakızlı Türk Kahvesi | F34: Damla sakızı | G34: =IF(Sıcaklar!D44="","",Sıcaklar!D44) -> 150 | H34: =IF(Sıcaklar!E44="","",Sıcaklar!E44) | I34: =IF(Sıcaklar!F44="","",Sıcaklar!F44) | J34: Evet | M34: =IF(COUNT(G34:I34)=0,"",MIN(G34:I34)) -> 150
B35: Sıcaklar | C35: TÜRK KAHVESİ | D35: Double Damla Sakızlı Türk Kahvesi | F35: Çift porsiyon · Damla sakızı | G35: =IF(Sıcaklar!D45="","",Sıcaklar!D45) -> 165 | H35: =IF(Sıcaklar!E45="","",Sıcaklar!E45) | I35: =IF(Sıcaklar!F45="","",Sıcaklar!F45) | M35: =IF(COUNT(G35:I35)=0,"",MIN(G35:I35)) -> 165
B36: Sıcaklar | C36: ÇAY & BİTKİ ÇAYLARI | D36: Türk Çayı (Bardak) | G36: =IF(Sıcaklar!D48="","",Sıcaklar!D48) -> 70 | H36: =IF(Sıcaklar!E48="","",Sıcaklar!E48) | I36: =IF(Sıcaklar!F48="","",Sıcaklar!F48) | M36: =IF(COUNT(G36:I36)=0,"",MIN(G36:I36)) -> 70
B37: Sıcaklar | C37: ÇAY & BİTKİ ÇAYLARI | D37: Türk Çayı (Fincan) | G37: =IF(Sıcaklar!D49="","",Sıcaklar!D49) -> 90 | H37: =IF(Sıcaklar!E49="","",Sıcaklar!E49) | I37: =IF(Sıcaklar!F49="","",Sıcaklar!F49) | M37: =IF(COUNT(G37:I37)=0,"",MIN(G37:I37)) -> 90
B38: Sıcaklar | C38: ÇAY & BİTKİ ÇAYLARI | D38: Türk Çayı (Karton) | F38: Karton bardak | G38: =IF(Sıcaklar!D50="","",Sıcaklar!D50) | H38: =IF(Sıcaklar!E50="","",Sıcaklar!E50) -> 100 | I38: =IF(Sıcaklar!F50="","",Sıcaklar!F50) -> 110 | L38: Ekranda gösterilmez (POS) | M38: =IF(COUNT(G38:I38)=0,"",MIN(G38:I38)) -> 100
B39: Sıcaklar | C39: ÇAY & BİTKİ ÇAYLARI | D39: Yeşil Çay | F39: Hafif yeşil çay | G39: =IF(Sıcaklar!D51="","",Sıcaklar!D51) -> 130 | H39: =IF(Sıcaklar!E51="","",Sıcaklar!E51) | I39: =IF(Sıcaklar!F51="","",Sıcaklar!F51) | M39: =IF(COUNT(G39:I39)=0,"",MIN(G39:I39)) -> 130
B40: Sıcaklar | C40: ÇAY & BİTKİ ÇAYLARI | D40: Papatya | F40: Kuru papatya | G40: =IF(Sıcaklar!D52="","",Sıcaklar!D52) -> 130 | H40: =IF(Sıcaklar!E52="","",Sıcaklar!E52) | I40: =IF(Sıcaklar!F52="","",Sıcaklar!F52) | M40: =IF(COUNT(G40:I40)=0,"",MIN(G40:I40)) -> 130
B41: Sıcaklar | C41: ÇAY & BİTKİ ÇAYLARI | D41: Ihlamur | F41: Ihlamur çiçeği | G41: =IF(Sıcaklar!D53="","",Sıcaklar!D53) -> 130 | H41: =IF(Sıcaklar!E53="","",Sıcaklar!E53) | I41: =IF(Sıcaklar!F53="","",Sıcaklar!F53) | M41: =IF(COUNT(G41:I41)=0,"",MIN(G41:I41)) -> 130
B42: Sıcaklar | C42: ÇAY & BİTKİ ÇAYLARI | D42: Nane Limon | F42: Nane · Limon | G42: =IF(Sıcaklar!D54="","",Sıcaklar!D54) -> 130 | H42: =IF(Sıcaklar!E54="","",Sıcaklar!E54) | I42: =IF(Sıcaklar!F54="","",Sıcaklar!F54) | M42: =IF(COUNT(G42:I42)=0,"",MIN(G42:I42)) -> 130
B43: Sıcaklar | C43: ÇAY & BİTKİ ÇAYLARI | D43: Kış Çayı | F43: Bitki · Baharat karışımı | G43: =IF(Sıcaklar!D55="","",Sıcaklar!D55) -> 130 | H43: =IF(Sıcaklar!E55="","",Sıcaklar!E55) | I43: =IF(Sıcaklar!F55="","",Sıcaklar!F55) | M43: =IF(COUNT(G43:I43)=0,"",MIN(G43:I43)) -> 130
B44: Sıcaklar | C44: ÇAY & BİTKİ ÇAYLARI | D44: Hibiskus | F44: Ekşimsi çiçek çayı | G44: =IF(Sıcaklar!D56="","",Sıcaklar!D56) -> 130 | H44: =IF(Sıcaklar!E56="","",Sıcaklar!E56) | I44: =IF(Sıcaklar!F56="","",Sıcaklar!F56) | J44: Evet | M44: =IF(COUNT(G44:I44)=0,"",MIN(G44:I44)) -> 130
B45: Sıcaklar | C45: CIAO SIGNATURE | D45: Tarantino | F45: Taro · Espresso · Süt | G45: =IF(Sıcaklar!D59="","",Sıcaklar!D59) | H45: =IF(Sıcaklar!E59="","",Sıcaklar!E59) -> 290 | I45: =IF(Sıcaklar!F59="","",Sıcaklar!F59) -> 320 | J45: Evet | K45: Evet | M45: =IF(COUNT(G45:I45)=0,"",MIN(G45:I45)) -> 290
B46: Sıcaklar | C46: CIAO SIGNATURE | D46: Pistachio White Hot | F46: Beyaz çikolata · Fıstık kreması · Süt · Krem şanti · Antep fıstığı | G46: =IF(Sıcaklar!D60="","",Sıcaklar!D60) | H46: =IF(Sıcaklar!E60="","",Sıcaklar!E60) -> 300 | I46: =IF(Sıcaklar!F60="","",Sıcaklar!F60) -> 340 | K46: Evet | M46: =IF(COUNT(G46:I46)=0,"",MIN(G46:I46)) -> 300
B47: Sıcaklar | C47: CIAO SIGNATURE | D47: Ruby | F47: Çilek püresi · Espresso · Vanilya · Süt | G47: =IF(Sıcaklar!D61="","",Sıcaklar!D61) | H47: =IF(Sıcaklar!E61="","",Sıcaklar!E61) -> 290 | I47: =IF(Sıcaklar!F61="","",Sıcaklar!F61) -> 320 | J47: Evet | K47: Evet | M47: =IF(COUNT(G47:I47)=0,"",MIN(G47:I47)) -> 290
B48: Sıcaklar | C48: CIAO SIGNATURE | D48: Cincirella | F48: Espresso · Balkabağı (pumpkin) · Süt | G48: =IF(Sıcaklar!D62="","",Sıcaklar!D62) | H48: =IF(Sıcaklar!E62="","",Sıcaklar!E62) -> 275 | I48: =IF(Sıcaklar!F62="","",Sıcaklar!F62) -> 305 | J48: Evet | K48: Evet | M48: =IF(COUNT(G48:I48)=0,"",MIN(G48:I48)) -> 275
B49: Sıcaklar | C49: CIAO SIGNATURE | D49: Salted Karamel Chocolate | F49: Bitter çikolata · Tuzlu karamel · Kakao · Süt | G49: =IF(Sıcaklar!D63="","",Sıcaklar!D63) | H49: =IF(Sıcaklar!E63="","",Sıcaklar!E63) -> 290 | I49: =IF(Sıcaklar!F63="","",Sıcaklar!F63) -> 320 | K49: Evet | M49: =IF(COUNT(G49:I49)=0,"",MIN(G49:I49)) -> 290
B50: Soğuklar | C50: BUZLU KAHVELER | D50: Iced Americano | F50: Espresso · Soğuk su · Buz | H50: =IF(Soğuklar!D8="","",Soğuklar!D8) -> 170 | I50: =IF(Soğuklar!E8="","",Soğuklar!E8) -> 190 | M50: =IF(COUNT(G50:I50)=0,"",MIN(G50:I50)) -> 170
B51: Soğuklar | C51: BUZLU KAHVELER | D51: Iced Latte | F51: Espresso · Süt · Buz | H51: =IF(Soğuklar!D9="","",Soğuklar!D9) -> 220 | I51: =IF(Soğuklar!E9="","",Soğuklar!E9) -> 240 | M51: =IF(COUNT(G51:I51)=0,"",MIN(G51:I51)) -> 220
B52: Soğuklar | C52: BUZLU KAHVELER | D52: Iced Cappuccino | F52: Espresso · Süt · Soğuk köpük | H52: =IF(Soğuklar!D10="","",Soğuklar!D10) -> 240 | I52: =IF(Soğuklar!E10="","",Soğuklar!E10) -> 260 | M52: =IF(COUNT(G52:I52)=0,"",MIN(G52:I52)) -> 240
B53: Soğuklar | C53: BUZLU KAHVELER | D53: Iced Flat White | F53: Yoğun espresso · Süt · Buz | H53: =IF(Soğuklar!D11="","",Soğuklar!D11) -> 230 | I53: =IF(Soğuklar!E11="","",Soğuklar!E11) -> 250 | M53: =IF(COUNT(G53:I53)=0,"",MIN(G53:I53)) -> 230
B54: Soğuklar | C54: BUZLU KAHVELER | D54: Iced Espresso Tonic | F54: Espresso · Tonik · Buz | H54: =IF(Soğuklar!D12="","",Soğuklar!D12) -> 250 | I54: =IF(Soğuklar!E12="","",Soğuklar!E12) -> 280 | J54: Evet | M54: =IF(COUNT(G54:I54)=0,"",MIN(G54:I54)) -> 250
B55: Soğuklar | C55: BUZLU KAHVELER | D55: Iced Coffee Frappé | F55: Granül kahve · Buz · Süt | H55: =IF(Soğuklar!D13="","",Soğuklar!D13) -> 150 | I55: =IF(Soğuklar!E13="","",Soğuklar!E13) -> 170 | M55: =IF(COUNT(G55:I55)=0,"",MIN(G55:I55)) -> 150
B56: Soğuklar | C56: BUZLU KAHVELER | D56: Iced Cappuccino Affogato | F56: Espresso · Süt · Dondurma | H56: =IF(Soğuklar!D14="","",Soğuklar!D14) -> 250 | I56: =IF(Soğuklar!E14="","",Soğuklar!E14) -> 270 | M56: =IF(COUNT(G56:I56)=0,"",MIN(G56:I56)) -> 250
B57: Soğuklar | C57: COLD BREW & SOĞUK FİLTRE | D57: Iced Filter Coffee | F57: Soğutulmuş filtre · Buz | H57: =IF(Soğuklar!D17="","",Soğuklar!D17) -> 150 | I57: =IF(Soğuklar!E17="","",Soğuklar!E17) -> 170 | M57: =IF(COUNT(G57:I57)=0,"",MIN(G57:I57)) -> 150
B58: Soğuklar | C58: COLD BREW & SOĞUK FİLTRE | D58: Iced Filter Coffee Milky | F58: Soğutulmuş filtre · Süt · Buz | H58: =IF(Soğuklar!D18="","",Soğuklar!D18) -> 170 | I58: =IF(Soğuklar!E18="","",Soğuklar!E18) -> 190 | M58: =IF(COUNT(G58:I58)=0,"",MIN(G58:I58)) -> 170
B59: Soğuklar | C59: ICED TEA | D59: Iced Tea | F59: Mango · Nar · Limon · Yaban mersini | H59: =IF(Soğuklar!D21="","",Soğuklar!D21) -> 170 | I59: =IF(Soğuklar!E21="","",Soğuklar!E21) -> 190 | J59: Evet | M59: =IF(COUNT(G59:I59)=0,"",MIN(G59:I59)) -> 170
B60: Soğuklar | C60: AROMALI BUZLULAR | D60: Iced Mocha | F60: Espresso · Çikolata · Süt | H60: =IF(Soğuklar!D24="","",Soğuklar!D24) -> 250 | I60: =IF(Soğuklar!E24="","",Soğuklar!E24) -> 270 | M60: =IF(COUNT(G60:I60)=0,"",MIN(G60:I60)) -> 250
B61: Soğuklar | C61: AROMALI BUZLULAR | D61: Iced White Mocha | F61: Espresso · Beyaz çikolata | H61: =IF(Soğuklar!D25="","",Soğuklar!D25) -> 250 | I61: =IF(Soğuklar!E25="","",Soğuklar!E25) -> 270 | M61: =IF(COUNT(G61:I61)=0,"",MIN(G61:I61)) -> 250
B62: Soğuklar | C62: AROMALI BUZLULAR | D62: Iced Caramel Macchiato | F62: Vanilya · Karamel | H62: =IF(Soğuklar!D26="","",Soğuklar!D26) -> 250 | I62: =IF(Soğuklar!E26="","",Soğuklar!E26) -> 270 | M62: =IF(COUNT(G62:I62)=0,"",MIN(G62:I62)) -> 250
B63: Soğuklar | C63: AROMALI BUZLULAR | D63: Iced Dirty Chai Latte | F63: Chai latte · Espresso | H63: =IF(Soğuklar!D27="","",Soğuklar!D27) -> 240 | I63: =IF(Soğuklar!E27="","",Soğuklar!E27) -> 260 | M63: =IF(COUNT(G63:I63)=0,"",MIN(G63:I63)) -> 240
B64: Soğuklar | C64: AROMALI BUZLULAR | D64: Iced Spanish Latte | F64: Espresso · Kondanse süt | H64: =IF(Soğuklar!D28="","",Soğuklar!D28) -> 260 | I64: =IF(Soğuklar!E28="","",Soğuklar!E28) -> 280 | J64: Evet | M64: =IF(COUNT(G64:I64)=0,"",MIN(G64:I64)) -> 260
B65: Soğuklar | C65: AROMALI BUZLULAR | D65: Iced Pistachio Latte | F65: Espresso · Fıstık · Süt | H65: =IF(Soğuklar!D29="","",Soğuklar!D29) -> 300 | I65: =IF(Soğuklar!E29="","",Soğuklar!E29) -> 340 | M65: =IF(COUNT(G65:I65)=0,"",MIN(G65:I65)) -> 300
B66: Soğuklar | C66: SHAKE & SMOOTHIE | D66: Milkshake | F66: Çikolata · Vanilya · Çilek · Antep fıstıklı | H66: =IF(Soğuklar!D32="","",Soğuklar!D32) -> 280 | I66: =IF(Soğuklar!E32="","",Soğuklar!E32) -> 300 | J66: Evet | M66: =IF(COUNT(G66:I66)=0,"",MIN(G66:I66)) -> 280
B67: Soğuklar | C67: SHAKE & SMOOTHIE | D67: Frozen | F67: Meyve püresi · Soda · Buz | H67: =IF(Soğuklar!D33="","",Soğuklar!D33) -> 270 | I67: =IF(Soğuklar!E33="","",Soğuklar!E33) -> 290 | M67: =IF(COUNT(G67:I67)=0,"",MIN(G67:I67)) -> 270
B68: Soğuklar | C68: SHAKE & SMOOTHIE | D68: Smoothie | F68: Süzme yoğurt · Meyve | H68: =IF(Soğuklar!D34="","",Soğuklar!D34) -> 270 | I68: =IF(Soğuklar!E34="","",Soğuklar!E34) -> 290 | M68: =IF(COUNT(G68:I68)=0,"",MIN(G68:I68)) -> 270
B69: Soğuklar | C69: SHAKE & SMOOTHIE | D69: Pistachio Banana Protein | F69: Fıstık · Muz · Yulaf | H69: =IF(Soğuklar!D35="","",Soğuklar!D35) -> 300 | I69: =IF(Soğuklar!E35="","",Soğuklar!E35) -> 320 | M69: =IF(COUNT(G69:I69)=0,"",MIN(G69:I69)) -> 300
B70: Soğuklar | C70: SHAKE & SMOOTHIE | D70: Orman Meyveli Protein | F70: Badem sütü · Yoğurt · Yulaf | H70: =IF(Soğuklar!D36="","",Soğuklar!D36) -> 300 | I70: =IF(Soğuklar!E36="","",Soğuklar!E36) -> 320 | M70: =IF(COUNT(G70:I70)=0,"",MIN(G70:I70)) -> 300
B71: Soğuklar | C71: KAHVESİZ BUZLULAR | D71: Iced Chocolatte | F71: Çikolata · Süt · Buz | H71: =IF(Soğuklar!D39="","",Soğuklar!D39) -> 260 | I71: =IF(Soğuklar!E39="","",Soğuklar!E39) -> 280 | M71: =IF(COUNT(G71:I71)=0,"",MIN(G71:I71)) -> 260
B72: Soğuklar | C72: KAHVESİZ BUZLULAR | D72: Iced White Chocolatte | F72: Beyaz çikolata · Süt | H72: =IF(Soğuklar!D40="","",Soğuklar!D40) -> 260 | I72: =IF(Soğuklar!E40="","",Soğuklar!E40) -> 280 | M72: =IF(COUNT(G72:I72)=0,"",MIN(G72:I72)) -> 260
B73: Soğuklar | C73: KAHVESİZ BUZLULAR | D73: Iced Chai Latte | F73: Chai · Süt · Buz | H73: =IF(Soğuklar!D41="","",Soğuklar!D41) -> 240 | I73: =IF(Soğuklar!E41="","",Soğuklar!E41) -> 260 | M73: =IF(COUNT(G73:I73)=0,"",MIN(G73:I73)) -> 240
B74: Soğuklar | C74: KAHVESİZ BUZLULAR | D74: Iced Matcha | F74: Matcha · Süt · Buz | H74: =IF(Soğuklar!D42="","",Soğuklar!D42) -> 270 | I74: =IF(Soğuklar!E42="","",Soğuklar!E42) -> 290 | J74: Evet | M74: =IF(COUNT(G74:I74)=0,"",MIN(G74:I74)) -> 270
B75: Soğuklar | C75: BOBA & FIZZ | D75: Taro Milk Boba Tea | F75: Taro · Süt · Boba | H75: =IF(Soğuklar!D45="","",Soğuklar!D45) -> 300 | I75: =IF(Soğuklar!E45="","",Soğuklar!E45) -> 320 | J75: Evet | M75: =IF(COUNT(G75:I75)=0,"",MIN(G75:I75)) -> 300
B76: Soğuklar | C76: BOBA & FIZZ | D76: Matcha Milk Boba Tea | F76: Matcha · Süt · Boba | H76: =IF(Soğuklar!D46="","",Soğuklar!D46) -> 330 | I76: =IF(Soğuklar!E46="","",Soğuklar!E46) -> 350 | M76: =IF(COUNT(G76:I76)=0,"",MIN(G76:I76)) -> 330
B77: Soğuklar | C77: BOBA & FIZZ | D77: Ocean Blue Fizz | F77: Blue curaçao · Soda · Boba | H77: =IF(Soğuklar!D47="","",Soğuklar!D47) -> 290 | I77: =IF(Soğuklar!E47="","",Soğuklar!E47) -> 310 | M77: =IF(COUNT(G77:I77)=0,"",MIN(G77:I77)) -> 290
B78: Soğuklar | C78: BOBA & FIZZ | D78: Berry Burst | F78: Ahududu · Soda · Çilek boba | H78: =IF(Soğuklar!D48="","",Soğuklar!D48) -> 290 | I78: =IF(Soğuklar!E48="","",Soğuklar!E48) -> 310 | M78: =IF(COUNT(G78:I78)=0,"",MIN(G78:I78)) -> 290
B79: Soğuklar | C79: BOBA & FIZZ | D79: Green Apple Fizz | F79: Yeşil elma · Gazoz · Boba | H79: =IF(Soğuklar!D49="","",Soğuklar!D49) -> 290 | I79: =IF(Soğuklar!E49="","",Soğuklar!E49) -> 310 | M79: =IF(COUNT(G79:I79)=0,"",MIN(G79:I79)) -> 290
B80: Soğuklar | C80: CIAO SIGNATURE | D80: Tarantino | F80: Espresso · Taro · Süt · Buz | H80: =IF(Soğuklar!D52="","",Soğuklar!D52) -> 300 | I80: =IF(Soğuklar!E52="","",Soğuklar!E52) -> 320 | J80: Evet | K80: Evet | M80: =IF(COUNT(G80:I80)=0,"",MIN(G80:I80)) -> 300
B81: Soğuklar | C81: CIAO SIGNATURE | D81: Kori Kohi | F81: Cold brew buz küpleri · Süt · Vanilya | H81: =IF(Soğuklar!D53="","",Soğuklar!D53) -> 280 | I81: =IF(Soğuklar!E53="","",Soğuklar!E53) -> 300 | J81: Evet | K81: Evet | L81: YENİ | M81: =IF(COUNT(G81:I81)=0,"",MIN(G81:I81)) -> 280
B82: Soğuklar | C82: CIAO SIGNATURE | D82: Berry Hibiscus Cooler | F82: Hibiskus · Orman meyvesi · Limon · Soda · Nane | H82: =IF(Soğuklar!D54="","",Soğuklar!D54) -> 180 | I82: =IF(Soğuklar!E54="","",Soğuklar!E54) -> 200 | K82: Evet | M82: =IF(COUNT(G82:I82)=0,"",MIN(G82:I82)) -> 180
B83: Soğuklar | C83: CIAO SIGNATURE | D83: Cool Lime Refresha | F83: Misket limonu · Lime · Nane | H83: =IF(Soğuklar!D55="","",Soğuklar!D55) -> 180 | I83: =IF(Soğuklar!E55="","",Soğuklar!E55) -> 200 | K83: Evet | M83: =IF(COUNT(G83:I83)=0,"",MIN(G83:I83)) -> 180
B84: Soğuklar | C84: FERAHLATICILAR | D84: Pet Şişe Su | G84: =IF(Soğuklar!D58="","",Soğuklar!D58) -> 40 | M84: =IF(COUNT(G84:I84)=0,"",MIN(G84:I84)) -> 40
B85: Soğuklar | C85: FERAHLATICILAR | D85: Cam Şişe Su | G85: =IF(Soğuklar!D59="","",Soğuklar!D59) -> 60 | M85: =IF(COUNT(G85:I85)=0,"",MIN(G85:I85)) -> 60
B86: Soğuklar | C86: FERAHLATICILAR | D86: Soda | G86: =IF(Soğuklar!D60="","",Soğuklar!D60) -> 80 | M86: =IF(COUNT(G86:I86)=0,"",MIN(G86:I86)) -> 80
B87: Soğuklar | C87: FERAHLATICILAR | D87: Premium Soda | G87: =IF(Soğuklar!D61="","",Soğuklar!D61) -> 100 | M87: =IF(COUNT(G87:I87)=0,"",MIN(G87:I87)) -> 100
B88: Soğuklar | C88: FERAHLATICILAR | D88: Limonata | G88: =IF(Soğuklar!D62="","",Soğuklar!D62) -> 130 | M88: =IF(COUNT(G88:I88)=0,"",MIN(G88:I88)) -> 130
B89: Soğuklar | C89: FERAHLATICILAR | D89: Red Bull | G89: =IF(Soğuklar!D63="","",Soğuklar!D63) -> 170 | M89: =IF(COUNT(G89:I89)=0,"",MIN(G89:I89)) -> 170
B90: Tatlı & Atıştırmalık | C90: PASTA & KEK | D90: Monet'nin Bahçesi | E90: Havuçlu Kek | F90: Havuç · Tarçın · Ceviz · Krem peynirli krema | G90: =IF('Tatlı & Atıştırmalık'!E8="","",'Tatlı & Atıştırmalık'!E8) -> 250 | M90: =IF(COUNT(G90:I90)=0,"",MIN(G90:I90)) -> 250
B91: Tatlı & Atıştırmalık | C91: PASTA & KEK | D91: Moulin Rouge | E91: Cheesecake | F91: Bisküvi taban · Kırmızı meyve sosu | G91: =IF('Tatlı & Atıştırmalık'!E9="","",'Tatlı & Atıştırmalık'!E9) -> 270 | M91: =IF(COUNT(G91:I91)=0,"",MIN(G91:I91)) -> 270
B92: Tatlı & Atıştırmalık | C92: PASTA & KEK | D92: Frida | E92: Berry Hibiscus | F92: Orman meyveleri · Hibiskus · Krema | G92: =IF('Tatlı & Atıştırmalık'!E10="","",'Tatlı & Atıştırmalık'!E10) -> 270 | M92: =IF(COUNT(G92:I92)=0,"",MIN(G92:I92)) -> 270
B93: Tatlı & Atıştırmalık | C93: PASTA & KEK | D93: Mavi Dönem | E93: Yaban Mersinli Pasta | F93: Pandispanya · Krema · Yaban mersini | G93: =IF('Tatlı & Atıştırmalık'!E11="","",'Tatlı & Atıştırmalık'!E11) -> 300 | M93: =IF(COUNT(G93:I93)=0,"",MIN(G93:I93)) -> 300
B94: Tatlı & Atıştırmalık | C94: PASTA & KEK | D94: Altın Lotus | E94: Lotus Biscoff Kek | F94: Karamelize krema · Lotus bisküvi | G94: =IF('Tatlı & Atıştırmalık'!E12="","",'Tatlı & Atıştırmalık'!E12) -> 320 | J94: Evet | M94: =IF(COUNT(G94:I94)=0,"",MIN(G94:I94)) -> 320
B95: Tatlı & Atıştırmalık | C95: PASTA & KEK | D95: Çikolata Fabrikası | E95: Nutella Cookie Kek | F95: Cookie hamuru · Nutella | G95: =IF('Tatlı & Atıştırmalık'!E13="","",'Tatlı & Atıştırmalık'!E13) -> 250 | M95: =IF(COUNT(G95:I95)=0,"",MIN(G95:I95)) -> 250
B96: Tatlı & Atıştırmalık | C96: PASTA & KEK | D96: Copacabana | E96: Cocostar Pasta | F96: Kakaolu kek · Hindistan cevizli krema | G96: =IF('Tatlı & Atıştırmalık'!E14="","",'Tatlı & Atıştırmalık'!E14) -> 240 | M96: =IF(COUNT(G96:I96)=0,"",MIN(G96:I96)) -> 240
B97: Tatlı & Atıştırmalık | C97: PASTA & KEK | D97: Gaudí | E97: Mozaik Kek | F97: Bisküvi · Kakao · Çikolata | G97: =IF('Tatlı & Atıştırmalık'!E15="","",'Tatlı & Atıştırmalık'!E15) -> 200 | J97: Evet | M97: =IF(COUNT(G97:I97)=0,"",MIN(G97:I97)) -> 200
B98: Tatlı & Atıştırmalık | C98: TATLILAR | D98: Noir | E98: Brownie | F98: Yoğun bitter çikolata · Islak doku | G98: =IF('Tatlı & Atıştırmalık'!E18="","",'Tatlı & Atıştırmalık'!E18) -> 300 | J98: Evet | M98: =IF(COUNT(G98:I98)=0,"",MIN(G98:I98)) -> 300
B99: Tatlı & Atıştırmalık | C99: TATLILAR | D99: Kuğu Gölü | E99: Profiterol | F99: Choux · Vanilyalı krema · Çikolata sos | G99: =IF('Tatlı & Atıştırmalık'!E19="","",'Tatlı & Atıştırmalık'!E19) -> 300 | M99: =IF(COUNT(G99:I99)=0,"",MIN(G99:I99)) -> 300
B100: Tatlı & Atıştırmalık | C100: TATLILAR | D100: Chocolat | E100: Çikolatalı Cookie | F100: Bitter ve sütlü çikolata parçaları | G100: =IF('Tatlı & Atıştırmalık'!E20="","",'Tatlı & Atıştırmalık'!E20) -> 200 | M100: =IF(COUNT(G100:I100)=0,"",MIN(G100:I100)) -> 200
B101: Tatlı & Atıştırmalık | C101: TATLILAR | D101: Roma Tatili | E101: Dondurma | F101: Cup · 4 top | G101: =IF('Tatlı & Atıştırmalık'!E21="","",'Tatlı & Atıştırmalık'!E21) -> 170 | M101: =IF(COUNT(G101:I101)=0,"",MIN(G101:I101)) -> 170
B102: Tatlı & Atıştırmalık | C102: SANDVİÇLER | D102: Vegan Sandviç | F102: Hayvansal ürün içermez · Taze sebzeler | G102: =IF('Tatlı & Atıştırmalık'!E24="","",'Tatlı & Atıştırmalık'!E24) -> 200 | M102: =IF(COUNT(G102:I102)=0,"",MIN(G102:I102)) -> 200
...
